{
    "accuracy": [
        0.025581395253539085,
        0.03953488543629646,
        0.060465116053819656
    ],
    "loss": [
        5.330923080444336,
        3.751256227493286,
        3.547661066055298
    ],
    "val_accuracy": [
        0.03720930218696594,
        0.06976744532585144,
        0.060465116053819656
    ],
    "val_loss": [
        3.7265100479125977,
        3.568542242050171,
        3.2464599609375
    ],
    "learning_rate": [
        0.0010000000474974513,
        0.0010000000474974513,
        0.0010000000474974513
    ],
    "training_time_seconds": 7.331707000732422
}